{"cameraMode":{"drawMode":0,"name":"Shaded","section":"Shading Mode"},"sceneLighting":true,"audioPlay":false,"sceneViewState":{"m_AlwaysRefresh":false,"showFog":true,"showSkybox":true,"showFlares":true,"showImageEffects":true,"showParticleSystems":true,"showVisualEffectGraphs":true,"m_FxEnabled":true},"in2DMode":false,"pivot":{"x":1.3573347330093384,"y":1.232614278793335,"z":21.5302791595459},"rotation":{"x":-0.004162448458373547,"y":-0.9918199777603149,"z":0.12443263083696366,"w":-0.03262939304113388},"size":1.2247447967529297,"orthographic":false}