{"cameraMode":{"drawMode":0,"name":"Shaded","section":"Shading Mode"},"sceneLighting":true,"audioPlay":false,"sceneViewState":{"m_AlwaysRefresh":false,"showFog":true,"showSkybox":true,"showFlares":true,"showImageEffects":true,"showParticleSystems":true,"showVisualEffectGraphs":true,"m_FxEnabled":true},"in2DMode":false,"pivot":{"x":-1.8838112354278565,"y":1.3775808811187745,"z":22.90985107421875},"rotation":{"x":0.09935604780912399,"y":-0.6671260595321655,"z":0.09052576869726181,"w":0.7328318953514099},"size":1.270046591758728,"orthographic":false}